count,kind,editable,operation,develop_median_ms,v5_median_ms,develop_p90_ms,v5_p90_ms,change_percent,ci_low,ci_high,develop_js_ms,v5_js_ms,develop_layout_ms,v5_layout_ms,develop_frame_ms,v5_frame_ms
100,actions,True,mount,69.19999992847443,44.5,72.65999999046326,58.14000000953674,-35.69364155202963,-48.973607143717004,-11.70886073502052,48.199999928474426,25.399999976158142,21,18.899999976158142,83.20000004768372,64.5
100,actions,True,update10percent,7.200000047683716,6.200000047683716,11.259999990463257,8.8,-13.888888796906418,-39.000000953674316,14.925373028104882,4.900000095367432,4.600000023841858,2.299999952316284,1.7999999523162842,33.90000009536743,33.59999990463257
100,actions,True,reverse,21.799999952316284,24.199999928474426,36.820000004768374,31.079999995231628,11.009174226640939,-16.363772671646142,36.9863015189958,4,2.4000000953674316,17.699999928474426,21.699999928474426,33.90000009536743,33.89999997615814
100,actions,True,filterHalf,12.899999976158142,2.799999952316284,17.639999985694885,3.8600000143051147,-78.29457397293595,-82.83582122083176,-75.60975623939237,4.199999928474426,2.600000023841858,8.800000071525574,0.10000002384185791,33.39999997615814,33.39999997615814
100,actions,True,clearFilter,19.899999976158142,11.699999928474426,23.779999995231627,17.860000014305115,-41.20603043973868,-50.68493167089538,-19.59798985342044,3,1.600000023841858,16.699999928474426,10.099999904632568,33.39999997615814,33.199999928474426
100,actions,True,selectAll,15.699999928474426,11.700000047683716,16.619999957084655,17.22000002861023,-25.477706363145135,-30.57324824321004,6.666666666666665,5.799999952316284,2.5999999046325684,9.200000047683716,9.200000047683716,33.299999952316284,33.39999997615814
100,actions,True,patientHighlight,0.6000000238418579,0.5,0.7,0.8999999761581421,-16.666669978035685,-16.666669978035685,49.99999006589293,0.3999999761581421,0.20000004768371582,0.2999999523162842,0.2999999523162842,33.39999997615814,33.299999952316284
100,actions,True,destroy,14.099999904632568,14.100000023841858,23.859999966621398,16.980000019073486,8.454559496939851e-07,-45.581395681514294,31.48989857137875,14,13.900000095367432,0.10000002384185791,0.10000002384185791,33.799999952316284,33.89999997615814
100,actions,False,mount,53.5,41.299999952316284,58.62000002861023,51.8,-22.803738406885454,-40.0386846365809,-9.487665820828873,32.40000009536743,21.200000047683716,21.09999990463257,21.100000023841858,67.30000007152557,51.799999952316284
100,actions,False,update10percent,7.700000047683716,4.399999976158142,8.979999995231628,7.860000014305115,-42.857143520645394,-50.000000709579105,-1.369863326877474,4.399999976158142,3.1999999284744263,3.299999952316284,1.5,33.40000009536743,33.800000071525574
100,actions,False,reverse,23.100000023841858,22.40000009536743,35.159999990463255,33.799999952316284,-3.030302717540889,-19.246862043642963,15.418501645103944,5.100000023841858,1.7999999523162842,18.600000023841858,20.600000023841858,33.799999952316284,33.799999952316284
100,actions,False,filterHalf,13.200000047683716,2.3000000715255737,17.319999957084654,3.4600000381469727,-82.57575709684055,-84.48275906364925,-79.4871797745567,4,2.100000023841858,9,0.10000002384185791,33.299999952316284,33.299999952316284
100,actions,False,clearFilter,18.299999952316284,9.600000023841858,27.120000028610228,15.340000009536743,-47.54098333958324,-59.649122513488976,-30.939226610305916,2.5999999046325684,1.3000000715255737,15.800000071525574,8.300000071525574,33.299999952316284,33.299999952316284
100,actions,False,patientHighlight,0.6000000238418579,0.5,1.0600000143051147,0.8199999570846557,-16.666669978035685,-33.333339956071384,0.0,0.3999999761581421,0.20000004768371582,0.20000004768371582,0.2999999523162842,33.300000071525574,33.300000071525574
100,actions,False,destroy,12.600000023841858,9.899999976158142,16.13999996185303,12.7400000333786,-21.42857176646624,-50.7142858845847,44.11764659477353,12.5,9.799999952316284,0.10000002384185791,0.10000002384185791,33.39999997615814,33.5
100,flows,True,mount,53.39999997615814,42.799999952316284,58.52000000476837,45.34000005722046,-19.850187319427924,-29.009009051967315,-14.750957737596037,34.5,23.300000071525574,18.600000023841858,18.899999976158142,65.90000009536743,50
100,flows,True,update10percent,6.600000023841858,6.099999904632568,7.539999985694885,6.959999990463257,-7.575759354592238,-18.055555072647543,3.125000756699592,4.299999952316284,4.399999976158142,2.5,1.6999999284744263,33.59999990463257,33
100,flows,True,reverse,23.899999976158142,26.399999976158142,29.799999952316284,33.1400000333786,10.460251056459914,-17.982456711355667,46.428571903736014,4.800000071525574,2.399999976158142,18.5,24,33.800000071525574,34.10000002384186
100,flows,True,filterHalf,10.799999952316284,2.1999999284744263,13.760000038146972,3.300000023841858,-79.62963020196504,-85.38461556801428,-69.8113211578812,4,2,7.100000023841858,0.10000002384185791,33.299999952316284,33.199999928474426
100,flows,True,clearFilter,16.100000023841858,10.199999928474426,22.059999990463258,14.399999976158142,-36.645963270995985,-63.28502391254853,-10.126582459940437,2.600000023841858,1.2999999523162842,13.5,8.899999976158142,33.299999952316284,33.39999997615814
100,flows,True,selectAll,13.400000095367432,12.5,17.92000002861023,15.060000014305114,-6.7164185743444405,-20.143885268452287,16.406249163264874,5.900000095367432,3.4000000953674316,7.5,9.5,33.300000071525574,33.200000047683716
100,flows,True,patientHighlight,0.7000000476837158,0.6000000238418579,0.9199999809265136,0.9599999904632568,-14.285716718556763,-28.571433437113527,28.571438302800132,0.3999999761581421,0.2999999523162842,0.30000007152557373,0.30000007152557373,33.299999952316284,33.39999997615814
100,flows,True,destroy,15.5,10.199999928474426,18.059999966621398,12.379999947547912,-34.19354884855209,-41.71779166678947,-15.555555732161908,15.299999952316284,10.100000023841858,0.10000002384185791,0.10000002384185791,33.300000071525574,33.299999952316284
500,actions,True,mount,244.5,186.29999995231628,253.84000000953674,198.9399999856949,-23.803681001097633,-26.706586816829603,-21.55789475691946,148.19999992847443,100.20000004768372,99.89999997615814,88.10000002384186,286,216.79999995231628
500,actions,True,update10percent,35.300000071525574,26.299999952316284,36.55999994277954,28.76000006198883,-25.49575099425866,-28.055555621782936,-19.0751445644335,24.800000071525574,18.899999976158142,10.5,7.899999976158142,50.39999997615814,50
500,actions,True,reverse,124.30000007152557,113.19999992847443,131.10000004768372,122.28000001907348,-8.930008154999125,-13.376835311727685,-2.8548123974872386,32,12.5,92.30000007152557,99.39999997615814,150.60000002384186,134.80000007152557
500,actions,True,filterHalf,60.60000002384186,9.399999976158142,62.41999998092651,10.880000019073487,-84.4884488903302,-84.89326756767579,-82.5,19.199999928474426,9.200000047683716,41.40000009536743,0.20000004768371582,82.60000002384186,33.299999952316284
500,actions,True,clearFilter,101,57.700000047683716,107.61999995708466,59.3,-42.87128708150127,-46.15384615384615,-41.92269570100241,16.600000023841858,9.100000023841858,84.29999995231628,48.299999952316284,133.39999997615814,82.89999997615814
500,actions,True,selectAll,63.39999997615814,54.10000002384186,65.88000001907349,57.26000001430511,-14.668769646393676,-16.845329231165817,-11.514195700742548,21.700000047683716,11.100000023841858,41.60000002384186,43.200000047683716,83.30000007152557,66.70000004768372
500,actions,True,patientHighlight,1.600000023841858,1.2000000476837158,1.7599999904632568,1.3600000143051147,-24.999998137354872,-29.411763880904594,-18.75000419095152,1.100000023841858,0.7999999523162842,0.5,0.40000009536743164,33.299999952316284,33.10000002384186
500,actions,True,destroy,62.39999997615814,43.800000071525574,66.50000002384186,46.67999997138977,-29.807692166248845,-36.1240311186443,-25.944170703615534,62.39999997615814,43.700000047683716,0,0.10000002384185791,67.39999997615814,50.40000009536743
500,actions,False,mount,175.40000009536743,156.29999995231628,187.1999999523163,170.20000002384185,-10.889395742683128,-16.94731126759542,-7.995296897081494,89,73.70000004768372,90.70000004768372,81.5,204.70000004768372,184.79999995231628
500,actions,False,update10percent,24.199999928474426,22.699999928474426,25.3,24.680000042915346,-6.198347125757864,-10.878661198475037,-3.375527218171759,13.899999976158142,15.5,10.100000023841858,7,33.800000071525574,34
500,actions,False,reverse,122.79999995231628,123.79999995231628,129.77999999523163,131.15999999046326,0.8143322478732173,-6.723338609336271,8.691834923819531,34.89999997615814,12.100000023841858,86,111.69999992847443,150.5,150.10000002384186
500,actions,False,filterHalf,54.200000047683716,8.600000023841858,56.15999994277954,9.580000019073486,-84.13284129838412,-84.65804076033554,-82.68156434998471,17,8.300000071525574,37.39999997615814,0.19999992847442627,66.60000002384186,33.39999997615814
500,actions,False,clearFilter,89.60000002384186,53.60000002384186,90.20000004768372,54.860000014305115,-40.17857141788023,-42.00450447336216,-39.37360172020339,13.200000047683716,8.300000071525574,76.10000002384186,45.10000002384186,116.79999995231628,83.39999997615814
500,actions,False,patientHighlight,1.600000023841858,1.3000000715255737,1.7999999523162842,1.559999942779541,-18.74999674037103,-23.529416714572438,-12.50000279396768,1.100000023841858,0.7999999523162842,0.5,0.5999999046325684,33.39999997615814,33.299999952316284
500,actions,False,destroy,49.89999997615814,53.10000002384186,65.45999991893768,56.89999997615814,6.412825749925166,-22.335025452383473,20.219780324579606,49.89999997615814,53,0.09999990463256836,0.10000002384185791,65.69999992847443,66.80000007152557
500,flows,True,mount,167.30000007152557,136.90000009536743,176.97999997138976,149.57999999523162,-18.170950366504044,-19.941520412065827,-12.552301321118463,94.89999997615814,63.40000009536743,72.69999992847443,70.69999992847443,201.89999997615814,167.40000009536743
500,flows,True,update10percent,24.90000009536743,18.899999976158142,25.74000005722046,20.779999923706054,-24.09638592863127,-26.37795249906858,-20.317073149092494,15.900000095367432,13.100000023841858,8.899999976158142,5.699999928474426,33.200000047683716,34.5
500,flows,True,reverse,104.20000004768372,109.5,106.6400000333786,117.55999999046325,5.086372312755194,1.9886365008974005,9.027777923964209,26.300000071525574,10.199999928474426,77.59999990463257,99.10000002384186,133.40000009536743,133.89999997615814
500,flows,True,filterHalf,47.699999928474426,7.600000023841858,48.89999997615814,8.520000004768372,-84.06708588000427,-84.5995892997634,-82.88659779066892,14.700000047683716,7.399999976158142,32.89999997615814,0.20000004768371582,66.60000002384186,33.299999952316284
500,flows,True,clearFilter,80.09999990463257,47,83.3,48.73999998569489,-41.323345747867144,-42.68414939927023,-39.67459331306993,12.299999952316284,7.5,67.5,39.800000071525574,100.09999990463257,67.40000009536743
500,flows,True,selectAll,55.299999952316284,45.699999928474426,58.220000052452086,49.52000000476837,-17.359855392621483,-18.738738695780434,-15.636363679712472,22.40000009536743,11.200000047683716,32.799999952316284,34.300000071525574,66.60000002384186,66.60000002384186
500,flows,True,patientHighlight,1.4000000953674316,1.3000000715255737,1.5600000143051147,1.399999976158142,-7.142858359278382,-19.99999682108561,0.0,1,0.7999999523162842,0.5,0.5999999046325684,33.300000071525574,34.300000071525574
500,flows,True,destroy,47.60000002384186,45.90000009536743,49.60000002384186,50.64000000953674,-3.5714284193759105,-11.363636587545622,5.957446707055913,47.60000002384186,45.90000009536743,0.10000002384185791,0.10000002384185791,51.10000002384186,51.5
1000,actions,True,mount,491.2000000476837,385.2999999523163,560.7799999952316,476.0400000572204,-21.559446271393956,-24.319526617813857,-15.212940203919601,312.5,202.10000002384186,178.39999997615814,181.89999997615814,550.1000000238419,433.60000002384186
1000,actions,True,update10percent,65.60000002384186,49.799999952316284,72.02000002861023,53.559999990463254,-24.085365953937764,-40.08746371669343,-13.464004379856004,42.200000047683716,34.89999997615814,21.299999952316284,14.899999976158142,84.20000004768372,66.70000004768372
1000,actions,True,reverse,280.8000000715256,196,296.82000000476836,217.2199999809265,-30.199430217209855,-33.29798517342615,-21.685793455158286,55.799999952316284,20.600000023841858,219.70000004768372,175.89999997615814,339.8000000715256,251.60000002384186
1000,actions,True,filterHalf,127.10000002384186,18.299999952316284,135.45999999046325,19.100000023841858,-85.60188831716482,-86.5269461101888,-85.30351438764386,43.200000047683716,17.800000071525574,85.10000002384186,0.40000009536743164,151.39999997615814,50
1000,actions,True,clearFilter,208.10000002384186,109.5,220.77999997138977,128.73999998569488,-47.3810668008387,-49.295112754182114,-42.59760176377779,34.89999997615814,16.200000047683716,173.29999995231628,91.90000009536743,250.5,166.70000004768372
1000,actions,True,selectAll,131.90000009536743,107.89999997615814,139.55999991893768,112.55999994277954,-18.195602806563006,-21.17384843607114,-14.296936319946374,45.200000047683716,21.700000047683716,86.60000002384186,85.20000004768372,150.5,133.30000007152557
1000,actions,True,patientHighlight,3.1999999284744263,2.299999952316284,3.800000023841858,2.400000047683716,-28.124999883584678,-38.23529298330261,-23.333334922790527,2.1999999284744263,1.399999976158142,1,0.8999999761581421,33.300000071525574,33.39999997615814
1000,actions,True,destroy,166,107.60000002384186,188.8400000333786,121.19999995231628,-35.1807228772037,-41.781231288866636,-27.69230775609862,166,107.60000002384186,0,0,182.70000004768372,116.20000004768372
1000,actions,False,mount,351.39999997615814,325.60000002384186,388.95999999046325,372.61999993324275,-7.342060317036648,-11.098463290451354,-5.386819470577731,185.80000007152557,147.09999990463257,165.89999997615814,177.30000007152557,406.2000000476837,385.7000000476837
1000,actions,False,update10percent,36.89999997615814,34.200000047683716,42.599999976158145,40.19999997615814,-7.317072981623173,-11.458333278359433,5.813953838940256,21.09999990463257,22.899999976158142,16.200000047683716,11.900000095367432,50.299999952316284,50.60000002384186
1000,actions,False,reverse,208.39999997615814,207.60000002384186,216.3200000524521,224.3800000190735,-0.3838771364720772,-3.4911525923927433,6.810387052687128,47.90000009536743,13.700000047683716,161.39999997615814,193.89999997615814,250.69999992847443,253.70000004768372
1000,actions,False,filterHalf,113,16.5,118.84000000953674,18.260000014305113,-85.39823008849558,-85.93350383059895,-84.82142857142857,34.39999997615814,16.100000023841858,78.20000004768372,0.40000009536743164,133.30000007152557,33.299999952316284
1000,actions,False,clearFilter,185.80000007152557,96.10000002384186,193.10000002384186,101.62000005245208,-48.27771798339763,-49.75583285523595,-46.283233843942405,28.100000023841858,13.700000047683716,157.60000002384186,82.5,233.30000007152557,133.5
1000,actions,False,patientHighlight,3,2.4000000953674316,3.359999966621399,2.660000038146973,-19.99999682108561,-24.242423147756742,-13.793102739540487,2,1.399999976158142,1,1.0999999046325684,33.300000071525574,33.299999952316284
1000,actions,False,destroy,118.10000002384186,72.69999992847443,127.87999994754792,85.55999999046325,-38.441998379510714,-45.08126608933441,-19.999999975420767,118,72.69999992847443,0,0,133,83.89999997615814
1000,flows,True,mount,332.60000002384186,291.5,359.02000000476835,307.260000038147,-12.357185815061843,-14.092953523238382,-8.91089107632731,195.20000004768372,136.60000002384186,137.20000004768372,161.70000004768372,382.60000002384186,334.39999997615814
1000,flows,True,update10percent,44.10000002384186,35.5,47.35999994277954,36.959999966621396,-19.50113383036831,-21.826280528997945,-14.832535973862825,27.299999952316284,24.799999952316284,16.399999976158142,10.700000047683716,66.89999997615814,51.700000047683716
1000,flows,True,reverse,198.40000009536743,189.29999995231628,227.54000005722045,196.89999997615814,-4.586693618284743,-11.815150100170445,-0.35915862829680734,46.09999990463257,17.899999976158142,153.70000004768372,172.89999997615814,254.10000002384186,234.10000002384186
1000,flows,True,filterHalf,95.79999995231628,14.800000071525574,100.06000001430512,17.160000014305115,-84.55114814311884,-85.33604891123643,-83.61884360232212,30.600000023841858,14.300000071525574,65.69999992847443,0.3999999761581421,116.60000002384186,32.89999997615814
1000,flows,True,clearFilter,163.09999990463257,82.30000007152557,166.08000001907348,87.07999999523163,-49.54015933804548,-51.30858184831535,-48.23747679468063,25.5,12.199999928474426,138.10000002384186,70.39999997615814,200.10000002384186,131.59999990463257
1000,flows,True,selectAll,109.20000004768372,90.79999995231628,112.73999996185303,92.88000001907349,-16.84981692979195,-18.721461187214615,-14.94893214050592,42.89999997615814,22.399999976158142,66.30000007152557,68.39999997615814,133.39999997615814,116.70000004768372
1000,flows,True,patientHighlight,3,2.200000047683716,3.359999966621399,2.459999990463257,-26.666665077209473,-31.25000069849194,-20.68965616464332,2.200000047683716,1.3000000715255737,0.7999999523162842,0.8999999761581421,33.89999997615814,33.299999952316284
1000,flows,True,destroy,134.40000009536743,79.40000009536743,140.69999997615815,93.5,-40.92261901858121,-47.99405647280771,-29.4754371100172,134.30000007152557,79.30000007152557,0.09999990463256836,0.10000002384185791,149.5,85.10000002384186
5000,actions,True,mount,3105.600000023842,2163.6999999284744,3558.859999990463,2556.2600000619886,-30.329082949772555,-32.78915507291663,-21.04380426467758,2036.4000000953674,1110.0999999046326,994.8999999761581,1033.8000000715256,3363.600000023842,2431.9000000953674
5000,actions,True,update10percent,322.60000002384186,240.90000009536743,490.4199999809265,553.5999999999999,-25.325480447128445,-30.87093994421576,-8.658008658008654,223.89999997615814,170.5,96.19999992847443,71,400.5,317.8000000715256
5000,actions,True,reverse,1194.2000000476837,1004,1254.699999976158,1189.3599999427795,-15.92698040864924,-19.55325348164293,-8.022106855443,255.29999995231628,99.10000002384186,956.7000000476837,903.2000000476837,1482.7000000476837,1281.7999999523163
5000,actions,True,filterHalf,705.6000000238419,101.19999992847443,823.9800000190735,143.74000005722044,-85.65759638250356,-86.89692982172178,-82.64027342800131,225.10000002384186,99.10000002384186,481.7000000476837,2.100000023841858,816.5,199.79999995231628
5000,actions,True,clearFilter,1197.3999999761581,608.6999999284744,1346.660000014305,682.3400000095368,-49.164857195540804,-51.94867298872023,-46.93880290923664,208.39999997615814,111.80000007152557,997.1999999284744,498.1999999284744,1497.5,885.7000000476837
5000,actions,True,selectAll,791.8999999761581,627.9000000953674,888.6799999237061,772.0999999523162,-20.709685551929326,-27.280206854447677,-12.678368478239788,332.8000000715256,164.60000002384186,470.10000002384186,466.7999999523163,897.7000000476837,731.3999999761581
5000,actions,True,patientHighlight,16.100000023841858,12.199999928474426,27.779999995231623,15.67999997138977,-24.223603040944564,-30.409356264469423,-9.79274169101707,12.199999928474426,7.899999976158142,4.200000047683716,4.599999904632568,67.79999995231628,66.70000004768372
5000,actions,True,destroy,1584.5,513.7000000476837,1688.8,597.6800000190734,-67.57967812889343,-69.90601277175865,-65.56859205728315,1584.3999999761581,513.7000000476837,0.10000002384185791,0.10000002384185791,1599,530.5
5000,actions,False,mount,2056.600000023842,1695.2999999523163,2432.1199999570845,1727.8199999809265,-17.567830402963004,-22.496318113173942,-13.774968393231768,1135.1000000238419,742.5,886.3000000715256,939,2294.7999999523163,1955.2999999523163
5000,actions,False,update10percent,189,177.39999997615814,198.54000000953675,181.86000001430511,-6.137566150180874,-9.03426796117004,-3.9935240650356363,101.5,117.19999992847443,87.39999997615814,60.200000047683716,266.10000002384186,249.89999997615814
5000,actions,False,reverse,1043.7000000476837,1052.5,1137.2199999570846,1146.2000000476837,0.8431541584664304,-6.4875239946105445,4.50951684213603,225.5,66.20000004768372,824.6000000238419,982.3000000715256,1302.1000000238419,1303.1000000238419
5000,actions,False,filterHalf,613.5,83.30000007152557,688.1600000143051,105.12000005245208,-86.42216787750195,-87.17520132315609,-85.80277100168988,180.40000009536743,81.10000002384186,433.09999990463257,2.200000047683716,716.5,178
5000,actions,False,clearFilter,1064.1999999284744,533.2000000476837,1162.2999999761582,578.6399999380112,-49.89663596283401,-52.77250112855343,-47.59041985600787,159.10000002384186,88.69999992847443,901.2999999523163,443.60000002384186,1351.6000000238419,734.6000000238419
5000,actions,False,patientHighlight,17.300000071525574,11,33.71999998092651,17.980000042915343,-36.416185233980855,-45.45454556401221,-17.964071219398893,12.299999952316284,6.600000023841858,4.899999976158142,4.700000047683716,50,51.300000071525574
5000,actions,False,destroy,1289.1999999284744,420.60000002384186,1490.7199999570846,498.5599999904632,-67.37511634756616,-69.11619424373394,-66.22314844757094,1289.1999999284744,420.60000002384186,0.10000002384185791,0,1332.8000000715256,432.90000009536743
5000,flows,True,mount,1837.7000000476837,1445.2999999523163,1969.6199999809264,1504.6399999856949,-21.352777933568355,-29.651566080860412,-18.861717294056035,1118.7999999523163,637.0999999046326,720.2999999523163,820.5,2097,1680.3999999761581
5000,flows,True,update10percent,191.59999990463257,158,218.85999999046325,165.17999997138978,-17.53653440571853,-19.75244969418547,-13.29113926398463,114.69999992847443,108.89999997615814,76.60000002384186,49.10000002384186,266.60000002384186,232.89999997615814
5000,flows,True,reverse,936,940.8999999761581,1012.4199999809265,1080.9999999523163,0.5235042709570648,-4.07418984136153,9.122807022772328,193.30000007152557,73.5,743.1000000238419,864.1000000238419,1167.8000000715256,1169.8999999761581
5000,flows,True,filterHalf,530.8999999761581,75.69999992847443,557.7799999237061,84.81999998092651,-85.74119421136297,-86.90881575381134,-85.11883990117143,160.20000004768372,73.59999990463257,364.60000002384186,2.200000047683716,634.5,165.10000002384186
5000,flows,True,clearFilter,886,467.5,956.6200000047684,522.6000000476837,-47.23476297968398,-51.2653244921047,-43.04843967734065,144.79999995231628,76.89999997615814,742.7000000476837,389,1114.1999999284744,667
5000,flows,True,selectAll,620.6999999284744,473.2999999523163,802.9399999856948,639.0400000333785,-23.74738198697335,-40.8004091566442,-17.90693768392081,254.5,123.39999997615814,366.5,344.5,716.6999999284744,588.6999999284744
5000,flows,True,patientHighlight,14.399999976158142,10.5,29.060000014305114,23.720000028610222,-27.08333321260633,-41.89062455669045,-5.63380166997608,10.399999976158142,6.399999976158142,4.399999976158142,4.300000071525574,52,53.699999928474426
5000,flows,True,destroy,1292.2999999523163,365.89999997615814,1366.4800000190735,459.7399999141693,-71.68614098973465,-72.2341898787276,-70.93917501724106,1292.2000000476837,365.89999997615814,0.10000002384185791,0.10000002384185791,1300.2000000476837,381.6999999284744
